source_event_id,substation_id,label_strength,fault_label,window_start,window_end,window_days,sample_count,expected_sample_count,coverage_rate,disturbance_count,disturbance_types,possible_anomaly_start,possible_anomaly_end,training_start,training_end,expansion_status,exclusion_reason,event67_flag
1,10,strict_positive,Motorised control valve (primary side): Actuator defective,2014-04-27 14:44:00,2014-05-04 14:44:00,7.0,1008,1008.0,1.0,1,activity:1,2014-05-03 16:00:00,2014-05-05 04:00:00,2012-03-28 09:00:00,2014-04-20 14:44:00,strict_accepted,,False
3,12,strict_positive,Control unit: Incorrect parameterisation,2015-11-24 10:56:00,2015-12-01 10:56:00,7.0,1008,1008.0,1.0,0,,2015-11-29 12:00:00,2015-12-02 10:56:00,2015-03-01 00:00:00,2015-11-17 10:56:00,strict_accepted,,False
5,11,weak_positive,Failure of the heating circuit pump,2018-11-16 08:30:00,2018-11-23 08:30:00,7.0,1008,1008.0,1.0,0,,,2018-11-26 09:56:59,2015-02-20 14:00:00,2018-11-09 08:30:00,weak_accepted,,False
6,21,weak_positive,Control unit: Incorrect parameterisation,2016-11-29 13:12:00,2016-12-06 13:12:00,7.0,1008,1008.0,1.0,0,,,2016-12-07 13:12:00,2015-11-30 09:00:00,2016-11-22 13:12:00,weak_accepted,,False
7,26,strict_positive,Incorrect setting of the differential pressure regulator,2020-06-06 10:38:00,2020-06-13 10:38:00,7.0,1008,1008.0,1.0,0,,2020-06-12 12:00:00,2020-06-14 10:38:00,2018-10-18 13:00:00,2020-05-30 10:38:00,strict_accepted,,False
10,30,strict_positive,Leakage,2020-03-09 15:04:00,2020-03-16 15:04:00,7.0,1008,1008.0,1.0,0,,2020-03-12 19:00:00,2020-03-22 22:45:31,2019-12-01 00:00:00,2020-03-02 15:04:00,strict_accepted,,False
13,24,weak_positive,Failure of the heating circuit pump,2016-01-05 12:39:00,2016-01-12 12:39:00,7.0,1008,1008.0,1.0,0,,,2016-01-13 12:39:00,2015-12-08 10:00:00,2015-12-29 12:39:00,weak_accepted,,False
15,29,strict_positive,Failure of the domestic hot water storage charging pump,2020-02-29 07:59:43,2020-03-07 07:59:43,7.0,1008,1008.0,1.0,0,,2020-03-06 12:00:00,2020-03-08 07:59:43,2019-10-03 07:00:00,2020-02-22 07:59:43,strict_accepted,,False
20,11,strict_positive,"Safety relief valve: Water loss, does not close properly",2018-06-25 10:49:00,2018-07-02 10:49:00,7.0,730,1008.0,0.7242063492063492,0,,2018-06-29 05:00:00,2018-07-02 19:02:04,2015-02-25 14:00:00,2018-06-18 10:49:00,event20_excluded,low_coverage_event20,False
23,27,weak_positive,Control unit: Incorrect parameterisation,2020-01-13 12:57:00,2020-01-20 12:57:00,7.0,1008,1008.0,1.0,0,,,2020-01-21 12:57:00,2019-11-25 00:00:00,2020-01-06 12:57:00,weak_accepted,,False
24,13,weak_positive,Failure of the heating circuit pump,2016-07-13 15:17:00,2016-07-20 15:17:00,7.0,1008,1008.0,1.0,0,,,2016-07-22 04:00:00,2015-03-18 15:00:00,2016-07-06 15:17:00,weak_accepted,,False
29,17,weak_positive,Motorised control valve (primary side): Control valve jams when closed,2019-01-02 14:18:00,2019-01-09 14:18:00,7.0,1008,1008.0,1.0,0,,,2019-01-12 15:20:31,2015-12-02 12:00:00,2018-12-26 14:18:00,weak_accepted,,False
32,21,weak_positive,Control unit: Incorrect parameterisation,2019-10-12 10:38:00,2019-10-19 10:38:00,7.0,1008,1008.0,1.0,0,,,2019-10-23 11:40:23,2017-10-19 10:38:00,2019-10-05 10:38:00,weak_accepted,,False
34,20,weak_positive,unknown,2017-05-31 07:34:00,2017-06-07 07:34:00,7.0,1008,1008.0,1.0,0,,,2017-06-08 07:34:00,2015-09-21 14:00:00,2017-05-24 07:34:00,unknown_review,unknown_fault_label,False
37,19,weak_positive,Control unit: Incorrect parameterisation,2018-11-14 09:15:00,2018-11-21 09:15:00,7.0,1008,1008.0,1.0,0,,,2018-11-22 10:41:58,2016-06-25 00:00:00,2018-11-07 09:15:00,weak_accepted,,False
38,24,weak_positive,Incorrect setting of the differential pressure regulator,2016-10-17 13:55:00,2016-10-24 13:55:00,7.0,1008,1008.0,1.0,0,,,2016-10-25 13:55:00,2015-11-20 00:00:00,2016-10-10 13:55:00,weak_accepted,,False
40,24,strict_positive,"Safety relief valve: Water loss, does not close properly",2016-03-31 07:47:00,2016-04-07 07:47:00,7.0,1003,1008.0,0.9950396825396826,3,"activity:2,fault:1",2016-04-05 13:00:00,2016-04-08 07:47:00,2015-11-20 00:00:00,2016-03-24 07:47:00,strict_accepted,,False
44,8,strict_positive,Temperature monitor/controller defective,2018-04-20 08:15:00,2018-04-27 08:15:00,7.0,1008,1008.0,1.0,0,,2018-04-26 06:00:00,2018-04-30 09:45:07,2015-09-24 18:00:00,2018-04-13 08:15:00,strict_accepted,,False
45,31,weak_positive,"Heat exchanger: Leakage, external",2020-01-06 15:48:00,2020-01-13 15:48:00,7.0,1008,1008.0,1.0,0,,,2020-01-14 17:57:05,2019-11-28 09:00:00,2019-12-30 15:48:00,weak_accepted,,False
47,28,strict_positive,Failure of the heating circuit pump,2020-01-06 10:55:00,2020-01-13 10:55:00,7.0,1008,1008.0,1.0,0,,2020-01-08 23:00:00,2020-01-14 10:47:32,2019-10-25 00:00:00,2019-12-30 10:55:00,strict_accepted,,False
49,18,strict_positive,Control unit: Incorrect parameterisation,2019-04-27 07:19:00,2019-05-04 07:19:00,7.0,1005,1008.0,0.9970238095238095,0,,2019-05-03 11:00:00,2019-05-05 07:19:00,2016-12-16 10:00:00,2019-04-20 07:19:00,strict_accepted,,False
52,21,strict_positive,Control unit: Incorrect parameterisation,2016-12-05 15:55:00,2016-12-12 15:55:00,7.0,1008,1008.0,1.0,1,fault:1,2016-12-11 20:00:00,2016-12-13 15:55:00,2015-11-30 09:00:00,2016-11-28 15:55:00,strict_accepted,,False
53,13,strict_positive,Shut-off valve closed,2020-05-19 10:00:00,2020-05-26 10:00:00,7.0,1008,1008.0,1.0,0,,2020-05-25 03:00:00,2020-05-27 18:42:13,2016-07-27 15:17:00,2020-05-12 10:00:00,strict_accepted,,False
57,9,strict_positive,Differential pressure regulator defective,2020-02-17 21:13:00,2020-02-24 21:13:00,7.0,1008,1008.0,1.0,0,,2020-02-24 17:45:00,2020-02-25 18:11:43,2015-02-26 14:00:00,2020-02-10 21:13:00,strict_accepted,,False
62,21,weak_positive,Control unit: Incorrect parameterisation,2019-01-14 08:17:00,2019-01-21 08:17:00,7.0,1008,1008.0,1.0,0,,,2019-01-22 00:10:43,2017-01-21 08:17:00,2019-01-07 08:17:00,weak_accepted,,False
64,6,strict_positive,Differential pressure regulator defective,2019-04-09 09:41:00,2019-04-16 09:41:00,7.0,1008,1008.0,1.0,0,,2019-04-13 06:00:00,2019-04-17 10:49:46,2019-03-13 09:10:00,2019-04-02 09:41:00,strict_accepted,,False
65,11,weak_positive,Leakage,2019-01-07 11:58:00,2019-01-14 11:58:00,7.0,1008,1008.0,1.0,0,,,2019-01-14 20:29:40,2016-12-31 11:58:00,2018-12-31 11:58:00,weak_accepted,,False
67,7,strict_positive,Motorised control valve (primary side) defective,2017-11-19 13:15:00,2017-11-26 13:15:00,7.0,1008,1008.0,1.0,0,,2017-04-23 01:00:00,2017-11-27 13:15:00,2015-04-12 00:00:00,2017-04-11 00:00:00,strict_accepted,,True
69,26,weak_positive,unknown,2020-03-03 15:49:00,2020-03-10 15:49:00,7.0,1008,1008.0,1.0,0,,,2020-03-11 19:31:31,2018-10-18 13:00:00,,unknown_review,unknown_fault_label;missing_training_end,False
